{"_runtime":30118.75306793,"_step":1685,"_wandb":{"runtime":30124},"loss":1.902721881866455,"lr":5.0000039125388564e-08,"epoch_Time":0,"_timestamp":1.755527402818181e+09}