{"lr":5.000064781559406e-05,"_wandb":{"runtime":4275},"epoch_Time":0,"_timestamp":1.7552451530115275e+09,"_runtime":4272.418451306,"_step":554,"loss":2.055614709854126}