{"_timestamp":1.7552509685230246e+09,"_runtime":1415.668649446,"_step":259,"loss":0.4468841552734375,"lr":1.0001278612527728e-09,"_wandb":{"runtime":1418},"epoch_Time":0}